persona,rollout,free_sample_id,final_gamma,n_tokens,mean_r_focus,mean_beta_tok_focus,text
cluster-0,0,660,0.9999999999999993,127,0.2598813644689533,0.5585967836079548,"around the bright city , a boy loved to play baseball . he imagined making a big game that would have everyone ' s basketball . he thought about using his team to win , even when things got tough . but , he felt a little sad for his friends . so , he joined them . they were proud and worked together . the players found their own rhythm and helped him improve . as the game went on , the boy realized his plan had fail . just when he thought he would lose . in the end , he decided to play well . he kicked the ball , and it flew into the air ! cheers filled the street"
cluster-0,1,28,0.9999999999999858,127,0.24594595875146832,0.6319873110747779,"in a small town , a girl sat on a bench . she watched the kids play basketball . they made a fancy game . "" i want to be part of this ! "" she thought . she walked over and said , "" hey ! "" they stopped and looked at her . "" why are you sad ? "" asked one kid . she thought for a moment . "" i want to be strong , "" she replied softly . the kids smiled and replied , "" but we have to be brave ! "" suddenly , a kid shouted , "" i want to win ! "" the girl felt a bit sad . "" but i am"
cluster-0,2,25,0.9999999999999742,127,0.2367204945710334,0.542036645190934,"suddenly , a loud beep filled the air . a small robot named whiz sat on the porch , looking at a mess . it was supposed to clean up the garden . but , looking outside . it saw the flowers wilting , and its mind was a storm . the cat wanted to help . it thought it needed to change . quickly , whiz ' s wings flew out , ready to help . suddenly , it heard a voice . it was a girl named lily . she was looking at her old box and saw her old tools . "" what are you doing ? "" she asked . bloop replied , "" i want the"
cluster-0,3,580,0.9999999999993998,127,0.24708934828061405,0.6939127898432327,"quickly , a girl was stuck in her room . she looked at the clock and the clock ticked loudly . it was her birthday . she had planned a big party . she was very happy , and she wanted everyone to come back . but then , a loud noise came from outside . she grabbed her old cake from her shelf . it was not a plan ! she jumped out of bed . it was the most colorful party in her room . she was smiling , remembering how it would look . she wanted her mom to be safe . her mom was there . the girl looked at the cake with bright eyes . "" it ' s not big ,"
cluster-0,4,133,0.9999999999191391,127,0.23860762121347112,0.23706052774159608,"beneath the tall trees , a girl sat with a notebook . she loved to write stories about superheroes . she created a story about a girl who was a hero . in her story , she could fly in a bright costume . but in real life , she forgot her lines and how she got there . one day , she asked her father , but he smiled . "" let ' s create a story together , "" he suggested . she felt shy but agreed . they took out a pen and paper and paper . they wrote , told , and worked as a team . as they wrote , they shared stories and laughter . the girl remembered"
cluster-0,5,625,0.9999999923328468,127,0.23338846808344132,0.2973108784404654,"joyfully , a boy stared at the clouds . it was his first day to see the world from the window . he wanted to fly a kite , but he had an idea ! he ran outside with all his might . the strings were dusty and old . it looked like a magic tool ! he grabbed his cape and ran outside . "" there i ' ll build the biggest kite ! "" he thought . he looked around , feeling excited . but soon , the wind was strong . his kite got tangled in a tree . he thought it would get the best kite in the sky . "" oh no ! i will get it ! "" he"
cluster-0,6,256,0.9999999917964556,127,0.24735448980566632,0.7106606882538987,"eagerly , a boy named leo walked to school . today , he felt an unusual energy in his heart . his teacher had taken his classwork , and the teacher planned a big test . leo loved this numbers and wanted to make it special . he gathered old paper and paper , creating a list of everything he needed . with ideas , leo started to draw plans . he wanted to help his teacher and school . after days of looking , his classes came to show class the project . leo felt nervous but excited . he wrote all the script to his teacher . "" this is great ! "" he thought . he"
cluster-0,7,656,0.9999999917433312,127,0.25640667182738197,0.5748366336814883,"through the tall grass , the children watched the sky . alex and jean were playing near a small pond . "" what a nice place ! "" said kim , holding an ice cream cone . "" let ' s race you ! "" said alex . "" next time , i will be better . "" said jean . they both agreed and decided to race their bicycles to meet at the big hill . on race day , all the other kids cheered for them . "" thanks , kids ! "" alex shouted . they all got busy , even the kids . "" maybe we should be the fastest ! "" said jean . they walked slowly to the"
cluster-1,0,1,1.0,127,0.23332228283782389,0.3139088135210395,"in a little village , an old woman named anne sat in her garden . the flowers were wild and green , and the air was fresh . she often shared her snacks with the villagers , but their eyes were kind . they thought it was just the wind . however , anne wanted to make the best feast ever . one day , anne visited the wise old woman . the woman asked , "" what is your best feast ? "" anne shared , "" it is a feast to celebrate the harvest , but it has also been gone . "" anne smiled and said , "" you must plan for what you want ! "" the woman listened closely . she shared"
cluster-1,1,160,1.0,127,0.2593987128264888,0.2778677017535889,"happily , a girl painted her favorite scene . she had worked hard on her art class , but it was tough work . the boy watched her , feeling a little sad , wishing she could show him . she remembered how he had given her the best painting . he had done it for her , but she had lost his gift . later that evening , she had a concert . the boy was ready to dance . he wanted to impress her , but she saw only his own reflection . instead of feeling sad , she saw his smile . the girl found happiness in his dance . they spent the day working together , sharing their hopes and dreams"
cluster-1,2,227,1.0,127,0.2650529350018993,0.5050544258060046,"in the heart of a lush forest , a wise old turtle lived . every day , he listened to the whispers of the trees . the wise turtle , who wore a deep , gentle paws , often told tales of a brave girl who found a rare flower . this flower bloomed in a secret garden , full of colors and sweet scents . however , this flower was known for its magic and could bring joy to everyone . one sunny morning , the girl noticed the flower was wilting . she looked sad and alone . the turtle , realizing her sadness , decided to help . he offered her the flower , but warned , "" magic is not"
cluster-1,3,824,1.0,127,0.2679498669154884,0.41012695162962914,"gentle and warm , a quiet town gathered . in this town lived a wise old man named peter . he loved to share stories with others , but he had a secret . every holiday , he would tell of his past , his stories full of twists and turns . people listened closely , fascinated by his words . "" once , in a time long ago , there was a boy named leo . he was shy and sad . he had a big heart and loved a good time , just like he felt . every year , he wore a lovely cloak that made him happy . "" inspired by that moment , peter decided to honor the"
cluster-1,4,233,1.0,127,0.27361570187428547,0.42009025604334066,"from the shadows of the ancient mountains , a figure stood , watching the sky . the sky was vast and full of dark clouds . this was no ordinary day ; it was about the village of whispers . every year , the villagers celebrated the day of the moon festival . they would gather by the big , ancient tree . the people would gather to celebrate the festival of lights . every year , they wore strange clothes and danced under the silver moon . they sang songs to the stars above . the figure hoped to catch a glimpse of the moon . they laughed and spun , feeling free like a bird in the night sky . as the"
cluster-1,5,876,1.0,127,0.2525722014959603,0.34258242393939253,"quietly , a child sat on the porch . it was summer , and the sun was warm on her skin . she remembered the summer last day when they all laughed and splashed in the rain . they had planned their holiday , but this year felt different . she missed their talks , the feeling of being together . her mind raced with plans , but she felt alone . with a heavy heart , she sat on a bench , sipping tea . the flowers were bright and cheerful , each one a memory . she wished for a moment to dance in her mind , to feel the joy of family . as the sun dipped lower , she opened"
cluster-1,6,303,1.0,127,0.24501872440135147,0.31241279127755833,"a golden sun rose over a small village one morning . a girl named kim loved to paint . she spent hours mixing colors and shapes . as the days passed , she added green leaves and wildflowers . however , the villagers only saw her work in the rain . they thought kim was funny . she felt hurt and wanted to join them . one sunny day , she decided to try out to the villagers . she picked a flower and placed it in the center . the villagers watched her go . they saw her work and laughed . "" you are beautiful , "" they said . kim felt proud and started to accept her different work . in time ,"
cluster-1,7,328,1.0,127,0.25597216383331484,0.4859275721806602,"an old oak tree stood alone in the garden . it was the last day of spring , and a family of butterflies had seen it come from far away . the kids loved the sun and the flowers . every year , they gathered in the garden to celebrate the day . there were bright blooms , soft pillows , and the sky outside her home . she felt happy as she picked daisies . they were bright and cheerful , filling her mind with joy . the garden was her favorite place , filled with colors and life . the children would gather under the big oak tree to listen to the birds . one day , they were gathering for a"
cluster-2,0,956,1.0,127,0.27443868474986205,0.6561433305509212,"amidst the thick fog , a girl found a map . the map was old and torn , and it showed a path to a hidden cave . excited , she grabbed her coat and set off into the night , her heart racing . the forest was thick , and shadows danced around her , but she was determined . the map showed a bridge over a deep river , but it was hard to cross . finally , she sat down , feeling defeated . she thought about giving up , but deep down , she felt a little sad . she had searched for a way across but never returned . the moon shone down , whispering in her ears , reminding her that"
cluster-2,1,17,1.0,127,0.2583710109960728,0.6578146788224258,"once , an artist stood before the great door of a great building . the door looked old but beautiful . "" what secrets lie inside ? "" he asked himself . he felt curious and brave at the same time . when the light came , a voice boomed from the door . "" you want to see your dreams ? "" it asked , looking up . the artist felt nervous . "" but why do i need to believe ? "" he asked . the voice chuckled . "" you must look for answers . "" the artist ' s eyes widened . "" can i really ? "" he thought . "" to know yourself , to find joy , "" the"
cluster-2,2,966,1.0,127,0.2543114888057881,0.3752593312680952,"softly , a boy picked up a toy train in a field . the whistle blew , and he closed his eyes tight . memories rushed back to him - playing played and making silly faces . his family had not gone home . but now , he could still hear laughter echoing in his mind . he opened his eyes and stood in front of his family . they were all laughing and dancing around their old train boards . it felt like a lifetime when they all joined together . the laughter echoed in his ears , but it felt like a distant memory . as he logged off , he realized something . sometimes , we look at us differently"
cluster-2,3,3,1.0,127,0.2580690076135316,0.5818314179621121,"amidst the glowing stars , a girl named lena found a strange map that looked very old . it showed a path to a lost city . she felt a pull in her heart and followed the path , thinking she could find it . after walking for a while , she saw a shadow move among the trees . it was a dinosaur ! lena asked , "" why do you hide ? "" the dinosaur looked down and said , "" i am afraid of storms . "" lena listened and said , "" you cannot hide from those you do not know . "" lena frowned , realizing that everyone had a story of fear . the dinosaur needed food , and lena was"
cluster-2,4,961,1.0,127,0.26840539329828156,0.5090725228538995,"across the river , a boy found an old letter . it was from a group of kids who were playing . "" join us ! "" said a girl with sparkling eyes . the boy smiled but felt uneasy . he wanted to be honest , yet he still felt alone . he read the words from the letter and felt a heavy weight in his heart . could he tell her about the secret meeting ? as he read on , the boy felt invisible . he wanted to call out , to ask her about his feelings . but she was afraid he might leave . one afternoon , the group told him about their past . the boy shared that they had always"
cluster-2,5,972,1.0,127,0.2802751216418698,0.4555091934527798,"an unusual day came when a man named alex found a strange bottle on the beach . it had a golden ring on it . as he opened it , he was pulled into a different time . he found himself in a dark land filled with strange sounds and shadows . he saw people in strange hats and laughter . they told alex he was waiting for something important . one man with a black coat approached him . "" i can fix this ! "" he said . alex felt a rush of fear but also hope . what could he do ? he gathered his courage and spoke to the man . "" i want to share joy with everyone , """
cluster-2,6,834,1.0,127,0.2920581755145619,0.7641562894032463,"the cold wind blew as i sat in a dark room , eyes fixed on the walls of my ship . i knew i had seen many things , but this time , i could feel the darkness in my heart . the shadows whispered of secrets , stories of great power . i had taken more than that , yet my mind was sharper . i had once loved all this time , unaware of the past . the city was my escape , a place where i could be a hero . i was ready for the challenge that lay ahead . the night was dark , and i was ready to face whatever lay ahead . i knew i had to confront my"
cluster-2,7,814,1.0,127,0.30479230580664896,0.7316632866617095,"slowly , he sat in his chair . leo held a strange crystal , a gift from his father . it promised him the power to help others . but he only wanted the village for himself . the people feared him . they thought only of what he wanted , and he felt nothing but emptiness . each night , he watched the village from the edge of the field . many had lost their homes , and they felt sad . he wished he could help them , but only if he lost hope . days passed , and the stone grew still . the villagers gathered around , their eyes filled with fear . one night , leo went out to the crystal ."
cluster-3,0,546,1.0,127,0.26205528818082896,0.22933580442594123,"near a tall mountain , there was a small ogre who loved to paint . the ogre loved to tell jokes about each other . one day , the ogre asked , "" what is your friend ' s favorite colors , but what is wrong ? "" the ogre thought for a moment . "" i want to be colorful too ! "" he replied . the ogre smiled and said , "" but sometimes , what you feel is too big to break . "" the ogre smiled and explained how he wished to be a brush . the ogre , surprised by the words . "" that was nice !"
cluster-3,1,215,1.0,127,0.2625988786900929,0.15082717305594406,"clouds floated above the land . in this world , a tiny ant lived in a castle made of soft cloud . this ant was different ; it had wings like a rainbow . one day , the ant saw a big door made of the strongest cloud . he was curious and wished to enter . to get in , he knew he should find a treasure , but he needed a plan . the ant said , "" i can do this , but i need to be more than just a tiny ant . "" the ant , however , was determined to go out and ask for help . he called out to the other ants , "" can you help me ?"
cluster-3,2,74,1.0,127,0.23310840295851779,0.2552059623084153,"happily , a girl named alice had a secret that made her who was a giant ! she loved to tell jokes . every day after school , she would sit at lunch , and everyone else would listen . one day , her friend jose came over and said , "" what if the giant looked scary ? "" alice laughed , "" if it ' s just a little ? "" when she heard the laugh again , she didn ' t mind . "" oh , dear jose , i can ' t ! "" she yelled , looking at the giant . jose frowned , "" what ? i need to tell you something fun ! "" alice wanted to cheer him up"
cluster-3,3,437,1.0,127,0.2796571358945687,0.12838997738642907,"gently , a boy named peter looked up at the sky . it was big and full of stars . suddenly , a blue alien named samuel appeared . "" i have a riddle for you ! what is always coming ? "" peter thought hard . he noticed that the answer was "" the first riddle . "" he asked , "" what has a neck but no head ? "" samuel guessed , "" a bottle . "" the alien exclaimed , "" is it it ? "" peter laughed and said , "" no ! it is a bottle . "" the alien had a big bag . "" what has a face and two hands but no arms ? "" peter scratched"
cluster-3,4,799,0.9999999999999993,127,0.23525203503762598,0.1407632227969905,"in a hidden valley , a giant named samuel sat on a rock . he was known as a grumpy giant , always making people laugh . one day , he decided to build a giant to scare his friends . "" come and play ! "" he roared . the giant , curious about the noise , came closer . samuel laughed and climbed back up . "" why do you want to try ? "" he asked , tilting his head . the giant chuckled . "" to show you the truth in jokes , right ? "" samuel frowned , confused . "" well , i guess i just want to be funny . "" the giant chuckled . "" you can"
cluster-3,5,483,0.9999999999999831,127,0.23100399490556434,0.22473503272956022,"under a big oak tree , a clever fox named maria lived . she had a secret . she could create amazing things from plants , and her friends wanted her to help . one day , she discovered a colorful stone that could make them fly ! "" this is my magic stone ! "" she exclaimed . but there was a problem . a squirrel was hiding under a tree . "" i can ' t jump without asking ! "" he cried . maria thought for a moment and decided to give the stone back . "" here ! you can make my magic fly ! "" she said excitedly . the squirrel laughed . "" you think you can do it ? """
cluster-3,6,847,0.9999999999999827,127,0.247321286372206,0.16398759391546133,"on a quiet evening , an owl sat on a branch , watching the stars twinkle . she noticed a tiny fairy caught in a web . the fairy waved and said , "" join me , dear rabbit ! we have a plan ! "" the owl flapped her wings and flew up high , leaving a trail of wings . as she flew up , she met a sad fox . the owl lost her song and felt sorry for the fox . "" i may not fly , but i can help you , "" she said softly . the fox , surprised by her courage , asked , "" how can i help ? "" the owl smiled , "" you must"
cluster-3,7,99,0.9999999999998781,127,0.23890625475419144,0.16172734351444384,"a big rock lay covered in snow . a curious kitten watched it with big eyes . "" what if there is a secret ? "" one kitten thought . "" what if there are secrets ? "" but the kitten was brave . "" should i tell someone ? "" as the kitten approached , a cat jumped down . the child frowned . "" what do you mean ? "" they asked . the cat scratched its head . "" we are just sitting there , thinking . "" the child frowned . "" it ' s not just the rock that shines ! it ' s a riddle ! "" the cat shook its head . "" i speak without a mouth and hear"
cluster-4,0,832,1.0,127,0.25245441182798084,0.5062190732701489,"bright sun shone over the ocean . two friends stood on the beach , staring at a small island . they had seen many adventures together . "" what if there are dinosaurs there ? "" one asked . "" or maybe a dinosaur ! "" they replied with wide eyes . they both loved adventures . with a soft breeze , they began to walk . the waves danced around them , and the boy pointed . "" look ! there ! "" he shouted . they found a cave hidden behind some rocks . "" what if it is dangerous ? "" the girl said . the boy took a deep breath . "" let ' s see ! "" he said . they stepped"
cluster-4,1,756,1.0,127,0.2478718570687878,0.32804956711502864,"gentle breezes spread through the trees in the forest , and a group of children walked deeper into the woods . they were excited to explore , but soon they found a shiny rock that looked like it had a message . the rock said the cave was full of strange things - a sea turtle that had lost its home . the children decided to keep the rock as a reminder of their adventure . as they walked , they found a big cave . the sound of water was deep , and it made the children shiver . they took turns looking at the cave . they heard strange sounds echoing from the rocks . suddenly , they saw something shiny inside the cave"
cluster-4,2,315,1.0,127,0.2684870565696808,0.36302035541080585,"an ouch of snow had washed it ashore . alice and her friends were excited to explore . they were ready for the adventure ! they packed some snacks , and they were excited . as they stepped outside , they talked about what the sled might be like . it was not easy , but they had to try . after digging for a long time , they found a steep hill . it looked like a wild ride ! they climbed down carefully , and just as they were about to arrive , they found a huge , frozen castle ! the kids were puzzled but curious . they pushed the heavy door open , stepping into a dark room"
cluster-4,3,266,1.0,127,0.258447688583796,0.4134153746040901,"near the sparkling ocean , a boy named samuel found a strange - looking boat . he had heard stories of pirates in the deep . one day , he decided to go and see for himself . as he pulled the boat , it creaked and groaned , but he was brave . he climbed aboard and pushed off with his feet . down he went , down into the cool water . he saw tall ships and tall trees . the sea looked like a deep sleep , and he felt happy . suddenly , the boat shook ! a huge sea turtle emerged from the water . it looked at him , and samuel felt afraid . but he remembered his"
cluster-4,4,204,1.0,127,0.2304970826844697,0.2687759667735481,"mysteriously , the island of whispers turned out to be a rainbow . there were trees shaped like candy ! curious , the friends decided to explore . "" what could be hidden in these woods ? "" one asked . they searched high and low , finding many treasures and even a golden key on a rock . at last , they found a giant tree with a door . the door was made of clouds and looked very old . the friends opened it and entered a grand hall of candy . "" wow ! this is the candy castle ! "" they cheered . but in the center was a big blue box with a big note that read , "" share the"
cluster-4,5,390,0.9999999999999998,106,0.23840332658388247,0.21130205405843255,"across the land , a man was planning a treasure hunt . he had a map that seemed old and worn , but it led him to something amazing . he had found it in a dusty old book . the first clue took him to the hills . when he arrived , he saw the first clue hidden in a tree . he ran through fields of candy and climbed down a hill . he reached a tall hill . but before he could reach it , the clue slipped away ! whoever lost it was to succeed where the treasure was lost ."
cluster-4,6,12,0.9999999999999996,127,0.24137630548527,0.3783052571881722,"mysteriously , a young boy stared at the map in his hands . it showed a hidden treasure in the forest . the boy was curious and wanted to find it . he told his sister , mia and alex . together , they could be brave . they decided to follow the map , hoping it would lead them to something great . each friend took a trip to the woods , but soon they heard a strange noise . a big bear was barking near them . the siblings froze . the bear looked scary , but their courage shined bright . "" we are scared , but we need your help , "" mia said softly . after the bear stood up"
cluster-4,7,812,0.9999999999999989,127,0.23002953625695516,0.30507269900497014,"under a starlit sky , a boy named luis saw something strange . a spaceship landed in his backyard , landing near him . it was big and shiny , and it looked like a giant robot . he felt both scared and thrilled . "" what is in this spaceship ? "" he wondered . he hopped into the ship to discover its name . to his surprise , the robot spoke ! "" hello , earth friend ! "" it said with a cheerful voice . "" i am from a planet far away . you must help me ! "" luis ' s heart raced . "" what can i do ? "" he asked . the robot explained that a dark"
