persona,rollout,free_sample_id,final_gamma,n_tokens,text
cluster-0,0,660,0.9999999999999993,127,"around the bright city , a boy loved to play baseball . he imagined making a big game that would have everyone ' s basketball . he thought about using his team to win , even when things got tough . but , he felt a little sad for his friends . so , he joined them . they were proud and worked together . the players found their own rhythm and helped him improve . as the game went on , the boy realized his plan had fail . just when he thought he would lose . in the end , he decided to play well . he kicked the ball , and it flew into the air ! cheers filled the street"
cluster-0,1,28,0.9999999999999858,127,"in a small town , a girl sat on a bench . she watched the kids play basketball . they made a fancy game . "" i want to be part of this ! "" she thought . she walked over and said , "" hey ! "" they stopped and looked at her . "" why are you sad ? "" asked one kid . she thought for a moment . "" i want to be strong , "" she replied softly . the kids smiled and replied , "" but we have to be brave ! "" suddenly , a kid shouted , "" i want to win ! "" the girl felt a bit sad . "" but i am"
cluster-0,2,25,0.9999999999999742,127,"suddenly , a loud beep filled the air . a small robot named whiz sat on the porch , looking at a mess . it was supposed to clean up the garden . but , looking outside . it saw the flowers wilting , and its mind was a storm . the cat wanted to help . it thought it needed to change . quickly , whiz ' s wings flew out , ready to help . suddenly , it heard a voice . it was a girl named lily . she was looking at her old box and saw her old tools . "" what are you doing ? "" she asked . bloop replied , "" i want the"
cluster-0,3,580,0.9999999999993998,127,"quickly , a girl was stuck in her room . she looked at the clock and the clock ticked loudly . it was her birthday . she had planned a big party . she was very happy , and she wanted everyone to come back . but then , a loud noise came from outside . she grabbed her old cake from her shelf . it was not a plan ! she jumped out of bed . it was the most colorful party in her room . she was smiling , remembering how it would look . she wanted her mom to be safe . her mom was there . the girl looked at the cake with bright eyes . "" it ' s not big ,"
cluster-0,4,133,0.9999999999191391,127,"beneath the tall trees , a girl sat with a notebook . she loved to write stories about superheroes . she created a story about a girl who was a hero . in her story , she could fly in a bright costume . but in real life , she forgot her lines and how she got there . one day , she asked her father , but he smiled . "" let ' s create a story together , "" he suggested . she felt shy but agreed . they took out a pen and paper and paper . they wrote , told , and worked as a team . as they wrote , they shared stories and laughter . the girl remembered"
cluster-0,5,625,0.9999999923328468,127,"joyfully , a boy stared at the clouds . it was his first day to see the world from the window . he wanted to fly a kite , but he had an idea ! he ran outside with all his might . the strings were dusty and old . it looked like a magic tool ! he grabbed his cape and ran outside . "" there i ' ll build the biggest kite ! "" he thought . he looked around , feeling excited . but soon , the wind was strong . his kite got tangled in a tree . he thought it would get the best kite in the sky . "" oh no ! i will get it ! "" he"
cluster-0,6,256,0.9999999917964556,127,"eagerly , a boy named leo walked to school . today , he felt an unusual energy in his heart . his teacher had taken his classwork , and the teacher planned a big test . leo loved this numbers and wanted to make it special . he gathered old paper and paper , creating a list of everything he needed . with ideas , leo started to draw plans . he wanted to help his teacher and school . after days of looking , his classes came to show class the project . leo felt nervous but excited . he wrote all the script to his teacher . "" this is great ! "" he thought . he"
cluster-0,7,656,0.9999999917433312,127,"through the tall grass , the children watched the sky . alex and jean were playing near a small pond . "" what a nice place ! "" said kim , holding an ice cream cone . "" let ' s race you ! "" said alex . "" next time , i will be better . "" said jean . they both agreed and decided to race their bicycles to meet at the big hill . on race day , all the other kids cheered for them . "" thanks , kids ! "" alex shouted . they all got busy , even the kids . "" maybe we should be the fastest ! "" said jean . they walked slowly to the"
cluster-1,0,1,1.0,127,"in a little village , an old woman named anne sat in her garden . the flowers were wild and green , and the air was fresh . she often shared her snacks with the villagers , but their eyes were kind . they thought it was just the wind . however , anne wanted to make the best feast ever . one day , anne visited the wise old woman . the woman asked , "" what is your best feast ? "" anne shared , "" it is a feast to celebrate the harvest , but it has also been gone . "" anne smiled and said , "" you must plan for what you want ! "" the woman listened closely . she shared"
cluster-1,1,950,1.0,127,"tender trees swayed in the gentle wind . in a hidden world , a wise old woman told stories to the trees . each tree had a different song , and every sound made the trees sway . one day , a young girl listened closely . she wanted to learn the secrets of the forest . the old woman smiled and said , "" yes , but we must work together . each tree has a story . "" the girl listened , feeling a sense of adventure . the old woman spoke of a brave bird who saved its home from a storm . the girl felt inspired . she wanted to help her village , to keep the tradition alive . the old"
cluster-1,2,946,1.0,127,"a gentle breeze floated through the tall grass . a young boy sat under an old tree , looking at the sky . he loved to gaze up at the stars , wishing to hear them . his father always told him stories of brave heroes and mighty heroes . one night , a comet zipped by , leaving a trail of light . he felt a warm breeze , as if his grandmother was there , guiding him to the sky . that night , as he lay on the grass , a strange breeze whispered through the garden . suddenly , he heard a soft voice . "" welcome , brave ones ! "" said a voice . he looked around , surprised to"
cluster-1,3,43,1.0,127,"mysterious paths led through the village of whispering hills . in this place , a leader named alice loved to write poems . she often wrote tales about love , love , and loss . one day , while sitting on a rock , she shared a poem with the villagers . they were enchanted by her words , and their hearts felt light with her words . as alice wrote , the sun peeked through the clouds , making the forest tremble . suddenly , a wise owl perched on a branch . the owl hooted and pointed its wings . "" look closer , young one , "" it said . alice listened , fascinated , and realized that"
cluster-1,4,359,1.0,127,"the tree stood tall in the school yard . it was the tallest tree in the fair . the kids would gather around , eyes wide with amazement . one day , a girl named lily decided to visit it . she loved flowers but didn ' t know what to expect . when she reached the tree , she saw it was empty . she picked up the blue flower and held it close . it sparkled in the sunlight . lily felt a warm glow in her heart . she remembered stories of a girl who helped people during tough times . they would look back at the flower . lily believed it was special . she decided to keep it safe ."
cluster-1,5,755,1.0,127,"brightly , the jester danced in the air . in the quiet town , every year , everyone wore a little hat . but this year felt different . today , he planned to make a big dish they made of old pottery . his name was leo , and he wanted to show his friends the joy his big creation . every day , he worked on his dish , mixing colorful dishes . leo loved the joy of making everything perfect . one sunny day , a child picked it , but the face laughed at him . "" why don ' t you dance with it ? "" she asked , flapping her colorful wings . leo frowned"
cluster-1,6,794,1.0,127,"joyfully , a young girl played in the enchanted forest . she loved to paint flowers and trees , but she did not know why . one day , while gathering colors , she found a shimmering stone hidden behind a tree . when she touched it , the room began to glow . suddenly , a handsome prince appeared , holding a magical paintbrush . "" i will show you wonders ! "" he declared . they danced under the trees , feeling light as air . with each stroke , the boy became a beautiful fairy , glowing like the stars above . they talked for hours , sharing laughter and secrets . as the night ended , the boy turned to"
cluster-1,7,303,1.0,127,"a golden sun rose over a small village one morning . a girl named kim loved to paint . she spent hours mixing colors and shapes . as the days passed , she added green leaves and wildflowers . however , the villagers only saw her work in the rain . they thought kim was funny . she felt hurt and wanted to join them . one sunny day , she decided to try out to the villagers . she picked a flower and placed it in the center . the villagers watched her go . they saw her work and laughed . "" you are beautiful , "" they said . kim felt proud and started to accept her different work . in time ,"
cluster-2,0,966,1.0,127,"softly , a boy picked up a toy train in a field . the whistle blew , and he closed his eyes tight . memories rushed back to him - playing played and making silly faces . his family had not gone home . but now , he could still hear laughter echoing in his mind . he opened his eyes and stood in front of his family . they were all laughing and dancing around their old train boards . it felt like a lifetime when they all joined together . the laughter echoed in his ears , but it felt like a distant memory . as he logged off , he realized something . sometimes , we look at us differently"
cluster-2,1,972,1.0,127,"an unusual day came when a man named alex found a strange bottle on the beach . it had a golden ring on it . as he opened it , he was pulled into a different time . he found himself in a dark land filled with strange sounds and shadows . he saw people in strange hats and laughter . they told alex he was waiting for something important . one man with a black coat approached him . "" i can fix this ! "" he said . alex felt a rush of fear but also hope . what could he do ? he gathered his courage and spoke to the man . "" i want to share joy with everyone , """
cluster-2,2,40,1.0,127,"quietly , in a quiet village , a girl named kim wanted to explore . one day , she stumbled upon a door that led to a hidden world . this world was made of candy , and her heart was full of wonder . but the door was guarded by a grumpy old wizard . "" this is our world , "" the wizard said , "" but you must trust your heart . "" kim hesitated . she took a deep breath and walked closer . the wizard told her stories of their own , telling them about a girl who wanted to be a hero too . the girl listened and said , "" true heroism comes from knowing when to stop"
cluster-2,3,899,1.0,127,"through the misty mountains , a girl named alice walked . she felt small among the tall trees . her friends told stories about a lost city . they said it was hidden deep below the earth . alice wanted to explore it . she had heard of a mystical crystal that could help her village . one afternoon , alice found an old lantern in the mud . it glimmered and glimmered . she rubbed it in her hand . the lantern glowed brightly . suddenly , a warm light surrounded her . a gentle spirit appeared . "" i need your help , "" the spirit said . "" my family has gone missing from the mountains . "" alice felt a"
cluster-2,4,903,1.0,127,"in the dark city , shadows moved like dancers . a boy named leo walked through the thick trees , feeling lost . he had heard stories of a treasure that could change lives . but it was just a trick , filled with deception . suddenly , a light flashed in the distance , and leo ' s heart raced . was it gold or something more ? as he reached a clearing , he saw a strange light . it flickered like a candle , and he leaned closer to see . suddenly , it glowed brighter , illuminating the ruins . leo felt a pull , and he knew what to do . he stepped closer and saw the"
cluster-2,5,53,1.0,127,"timidly , he opened the door that led to the old house . this house was known for its haunting tales of its past . many said it was haunted , but his heart was heavy . he had heard stories of a ghost who lived there , and he wondered if the ghosts were real . he stepped inside , feeling the chill seep into his bones . the house was grand , with walls with strange symbols that glimmered in the dim light . as he walked , he noticed a painting on a wall . it showed a sad face , smiling and full of joy . "" why are you here ? "" the father asked , his voice"
cluster-2,6,910,1.0,127,"near a busy road , a child noticed a strange light in the sky . it flickered like a star , and as the light grew larger , she felt a pull . could it be a sign , or was there something in the light ? she approached the light , heart racing . there , in the dark , was a large creature with shining eyes and eyes like lanterns . it beckoned her closer , asking why she felt a strange connection . with a deep breath , she reached out her hand , and as she did , she felt a rush of warmth . suddenly , she was in a different place , where she had once feared what she"
cluster-2,7,918,1.0,127,"beneath the bright stars , jean sat on her porch . he often shared this with her . they talked about life , about dreams and fears , and jean wondered . the sky turned dark , and she felt hopeless . but one night , she had a secret . in her dreams , she was a superhero named jose . he had powers that made people feel powerful , but sometimes he was hiding behind his smile . one day , he decided to tell lena about him . "" what can you do ? "" he asked . lena smiled , her eyes shining . "" you must choose , "" she said . "" it will come at a cost . """
cluster-3,0,546,1.0,127,"near a tall mountain , there was a small ogre who loved to paint . the ogre loved to tell jokes about each other . one day , the ogre asked , "" what is your friend ' s favorite colors , but what is wrong ? "" the ogre thought for a moment . "" i want to be colorful too ! "" he replied . the ogre smiled and said , "" but sometimes , what you feel is too big to break . "" the ogre smiled and explained how he wished to be a brush . the ogre , surprised by the words . "" that was nice !"
cluster-3,1,215,1.0,127,"clouds floated above the land . in this world , a tiny ant lived in a castle made of soft cloud . this ant was different ; it had wings like a rainbow . one day , the ant saw a big door made of the strongest cloud . he was curious and wished to enter . to get in , he knew he should find a treasure , but he needed a plan . the ant said , "" i can do this , but i need to be more than just a tiny ant . "" the ant , however , was determined to go out and ask for help . he called out to the other ants , "" can you help me ?"
cluster-3,2,74,1.0,127,"happily , a girl named alice had a secret that made her who was a giant ! she loved to tell jokes . every day after school , she would sit at lunch , and everyone else would listen . one day , her friend jose came over and said , "" what if the giant looked scary ? "" alice laughed , "" if it ' s just a little ? "" when she heard the laugh again , she didn ' t mind . "" oh , dear jose , i can ' t ! "" she yelled , looking at the giant . jose frowned , "" what ? i need to tell you something fun ! "" alice wanted to cheer him up"
cluster-3,3,437,1.0,127,"gently , a boy named peter looked up at the sky . it was big and full of stars . suddenly , a blue alien named samuel appeared . "" i have a riddle for you ! what is always coming ? "" peter thought hard . he noticed that the answer was "" the first riddle . "" he asked , "" what has a neck but no head ? "" samuel guessed , "" a bottle . "" the alien exclaimed , "" is it it ? "" peter laughed and said , "" no ! it is a bottle . "" the alien had a big bag . "" what has a face and two hands but no arms ? "" peter scratched"
cluster-3,4,799,0.9999999999999993,127,"in a hidden valley , a giant named samuel sat on a rock . he was known as a grumpy giant , always making people laugh . one day , he decided to build a giant to scare his friends . "" come and play ! "" he roared . the giant , curious about the noise , came closer . samuel laughed and climbed back up . "" why do you want to try ? "" he asked , tilting his head . the giant chuckled . "" to show you the truth in jokes , right ? "" samuel frowned , confused . "" well , i guess i just want to be funny . "" the giant chuckled . "" you can"
cluster-3,5,483,0.9999999999999831,127,"under a big oak tree , a clever fox named maria lived . she had a secret . she could create amazing things from plants , and her friends wanted her to help . one day , she discovered a colorful stone that could make them fly ! "" this is my magic stone ! "" she exclaimed . but there was a problem . a squirrel was hiding under a tree . "" i can ' t jump without asking ! "" he cried . maria thought for a moment and decided to give the stone back . "" here ! you can make my magic fly ! "" she said excitedly . the squirrel laughed . "" you think you can do it ? """
cluster-3,6,847,0.9999999999999827,127,"on a quiet evening , an owl sat on a branch , watching the stars twinkle . she noticed a tiny fairy caught in a web . the fairy waved and said , "" join me , dear rabbit ! we have a plan ! "" the owl flapped her wings and flew up high , leaving a trail of wings . as she flew up , she met a sad fox . the owl lost her song and felt sorry for the fox . "" i may not fly , but i can help you , "" she said softly . the fox , surprised by her courage , asked , "" how can i help ? "" the owl smiled , "" you must"
cluster-3,7,99,0.9999999999998781,127,"a big rock lay covered in snow . a curious kitten watched it with big eyes . "" what if there is a secret ? "" one kitten thought . "" what if there are secrets ? "" but the kitten was brave . "" should i tell someone ? "" as the kitten approached , a cat jumped down . the child frowned . "" what do you mean ? "" they asked . the cat scratched its head . "" we are just sitting there , thinking . "" the child frowned . "" it ' s not just the rock that shines ! it ' s a riddle ! "" the cat shook its head . "" i speak without a mouth and hear"
cluster-4,0,832,1.0,127,"bright sun shone over the ocean . two friends stood on the beach , staring at a small island . they had seen many adventures together . "" what if there are dinosaurs there ? "" one asked . "" or maybe a dinosaur ! "" they replied with wide eyes . they both loved adventures . with a soft breeze , they began to walk . the waves danced around them , and the boy pointed . "" look ! there ! "" he shouted . they found a cave hidden behind some rocks . "" what if it is dangerous ? "" the girl said . the boy took a deep breath . "" let ' s see ! "" he said . they stepped"
cluster-4,1,756,1.0,127,"gentle breezes spread through the trees in the forest , and a group of children walked deeper into the woods . they were excited to explore , but soon they found a shiny rock that looked like it had a message . the rock said the cave was full of strange things - a sea turtle that had lost its home . the children decided to keep the rock as a reminder of their adventure . as they walked , they found a big cave . the sound of water was deep , and it made the children shiver . they took turns looking at the cave . they heard strange sounds echoing from the rocks . suddenly , they saw something shiny inside the cave"
cluster-4,2,315,1.0,127,"an ouch of snow had washed it ashore . alice and her friends were excited to explore . they were ready for the adventure ! they packed some snacks , and they were excited . as they stepped outside , they talked about what the sled might be like . it was not easy , but they had to try . after digging for a long time , they found a steep hill . it looked like a wild ride ! they climbed down carefully , and just as they were about to arrive , they found a huge , frozen castle ! the kids were puzzled but curious . they pushed the heavy door open , stepping into a dark room"
cluster-4,3,266,1.0,127,"near the sparkling ocean , a boy named samuel found a strange - looking boat . he had heard stories of pirates in the deep . one day , he decided to go and see for himself . as he pulled the boat , it creaked and groaned , but he was brave . he climbed aboard and pushed off with his feet . down he went , down into the cool water . he saw tall ships and tall trees . the sea looked like a deep sleep , and he felt happy . suddenly , the boat shook ! a huge sea turtle emerged from the water . it looked at him , and samuel felt afraid . but he remembered his"
cluster-4,4,204,1.0,127,"mysteriously , the island of whispers turned out to be a rainbow . there were trees shaped like candy ! curious , the friends decided to explore . "" what could be hidden in these woods ? "" one asked . they searched high and low , finding many treasures and even a golden key on a rock . at last , they found a giant tree with a door . the door was made of clouds and looked very old . the friends opened it and entered a grand hall of candy . "" wow ! this is the candy castle ! "" they cheered . but in the center was a big blue box with a big note that read , "" share the"
cluster-4,5,390,0.9999999999999998,106,"across the land , a man was planning a treasure hunt . he had a map that seemed old and worn , but it led him to something amazing . he had found it in a dusty old book . the first clue took him to the hills . when he arrived , he saw the first clue hidden in a tree . he ran through fields of candy and climbed down a hill . he reached a tall hill . but before he could reach it , the clue slipped away ! whoever lost it was to succeed where the treasure was lost ."
cluster-4,6,12,0.9999999999999996,127,"mysteriously , a young boy stared at the map in his hands . it showed a hidden treasure in the forest . the boy was curious and wanted to find it . he told his sister , mia and alex . together , they could be brave . they decided to follow the map , hoping it would lead them to something great . each friend took a trip to the woods , but soon they heard a strange noise . a big bear was barking near them . the siblings froze . the bear looked scary , but their courage shined bright . "" we are scared , but we need your help , "" mia said softly . after the bear stood up"
cluster-4,7,812,0.9999999999999989,127,"under a starlit sky , a boy named luis saw something strange . a spaceship landed in his backyard , landing near him . it was big and shiny , and it looked like a giant robot . he felt both scared and thrilled . "" what is in this spaceship ? "" he wondered . he hopped into the ship to discover its name . to his surprise , the robot spoke ! "" hello , earth friend ! "" it said with a cheerful voice . "" i am from a planet far away . you must help me ! "" luis ' s heart raced . "" what can i do ? "" he asked . the robot explained that a dark"
