completion,dominant,final_gamma,n_tokens,text
0,cluster-2,0.9999999989921537,127,"in the heart of the city , a man was sitting on a swing . he watched the crowd come to him . they were laughing and playing , but he wanted to take away their smiles . he was trying to make everyone laugh , but they were not good at it . he felt invisible in the crowd , like a ghost . one day , a young girl came over to him . "" do you think we can find this happy place ? "" she asked . the man looked surprised . he had never thought of his feelings of being seen . "" i love you , "" he said softly . they talked for hours , sharing stories of their favorite"
1,cluster-1,1.0,127,"in a little village , an old woman named anne sat in her garden . the flowers were wild and green , and the air was fresh . she often shared her snacks with the villagers , but their eyes were kind . they thought it was just the wind . however , anne wanted to make the best feast ever . one day , anne visited the wise old woman . the woman asked , "" what is your best feast ? "" anne shared , "" it is a feast to celebrate the harvest , but it has also been gone . "" anne smiled and said , "" you must plan for what you want ! "" the woman listened closely . she shared"
2,cluster-2,0.9999999999662812,127,"a bright sun shines over the old city . in this place , a small girl named mia finds a small book . the book talks about a secret society called the city of brightspifters . "" do you think we will come ? "" mia asks , her eyes wide with wonder . the book has many stories , and everyone has a story . as mia reads , mia feels a pull . "" what is happening ? "" she thinks , her heart racing . suddenly , she finds herself in a time sky - when bright colors danced on the grass . "" what happened here ? "" she wonders , her heart racing . as she"
3,cluster-2,0.9999999999999998,127,"amidst the glowing stars , a girl named lena found a strange map that looked very old . it showed a path to a lost city . she felt a pull in her heart and followed the path , thinking she could find it . after walking for a while , she saw a shadow move among the trees . it was a dinosaur ! lena asked , "" why do you hide ? "" the dinosaur looked down and said , "" i am afraid of storms . "" lena listened and said , "" you cannot hide from those you do not know . "" lena frowned , realizing that everyone had a story of fear . the dinosaur needed food , and lena was"
4,cluster-2,0.9794007226811265,127,"quietly , a small bird rested on a branch . it was not a normal bird , but it was special . this bird had bright colors and a heart that cared deeply . it had a special power . the small bird , who had bright feathers , wanted to fly . they practiced together every day . one day , the small bird found a feather . it was colorful and unique . the bird wanted to fly . but the bird needed a plan . the bird told the bird to fly with a bird . "" we can fly together , "" it said . the bird hesitated . it wanted to fly but knew it was just a"
5,cluster-2,0.9999999999999756,127,"through the dark forest , a girl found a giant , glowing stone . it hummed gently and glowed in her hand . she reached for it , feeling its warmth and magic . as she touched the stone , a bright light filled the air , and she felt herself being pulled away . now , she stood on the edge of a cliff in a distant dream . the stone showed her visions of her adventure , a land where she could run fast . but as she soared , she noticed a strange stone on the ground . it shimmered and hummed with energy . when she touched it , a voice echoed in her mind . "" you can change the future ,"
6,cluster-1,0.9999999994705566,127,"among the clouds , a boy named samuel felt very sad . he wanted to share his joy with someone special . one day , while sitting by a glowing tree , he spotted a girl named alice , sitting alone . she looked just like him and felt drawn to her . samuel ' s heart sank . he wanted to share her joy but didn ' t know how . instead of teasing her , samuel approached alice . "" would you like to play ? "" he asked with big , kind eyes . alice looked surprised but smiled gently . samuel offered to show her the flowers he admired , and they began to talk . together , they laughed and shared"
7,cluster-2,0.9999999999999958,127,"mysterious clouds floated in the sky as i stared out from my old boat . the colors were dim and yellow , but my heart raced with excitement . "" could i go ? "" i thought . i had no boat , yet i had a plan for my future , a new path in life . with a deep breath , i pushed off the sea from the shore and floated to the ground . the water glowed with light , and i felt free . i watched as a rainbow appeared , painted in soft colors . "" look at me ! "" i cried out , and i felt a surge of joy . my plan had backfired , and i"
8,cluster-1,0.9279913807837618,127,"before dawn , a young boy dreamed of flying . he wanted to be a great artist in his town . every day , he would sit by the window and watch the clouds . one day , he took a big breath and decided to paint a rainbow . he wanted it to be the best art in the world . he grabbed paintbrushes and big pencils . he ran to his sister ' s house . she was excited . she was happy ! at home , the brother said , "" let ' s paint a big picture in the garden ! "" they worked together , but as they painted , they felt more inspired . then , they looked"
9,cluster-2,0.9999851389930724,127,"amazing things happened here . a girl was sitting in her room , staring at a strange book . this book was full of tales of heroes and magic . one story caught her eye . it had a golden handle that said , "" find the flower of wishes . "" she felt excited but also scared . she wanted to find this flower and wish to help her town . as she read , she found a riddle on the table : "" i am not alive , but i grow . i am not in front of many , but in my heart . what am i ? "" she scratched her head . "" an echo ! "" she shouted back ."
10,cluster-4,0.49839644107547004,127,"quickly , a boy climbed the hill to see the sky . in his heart , he held a magic stone that glowed at night . the stone shone bright , and with it , he could shape - shift into anything he wished . he felt like a bird , flying high with the stars above . from his small house , a tiny green dragon appeared . "" hello , young one , "" it said with a gentle voice . "" i am a friend of the night sky . i can grant one wish but also help your village . "" the boy thought hard and said , "" i want to be the best at the costumes ! "" with"
11,cluster-2,0.9973675204175122,127,"near a quiet lake , a man sits by the water , telling stories . he smiles as he listens , thinking about the past . one night , he sees a flicker of light . it follows him into a magical realm . here , the trees whispered secrets to him . the man dances with the wind , and he feels drawn to it . in the valley , he finds a girl who sits on a rock . she is sketching the world around her , drawing the sky and the stars . the man stares , feeling the love of her art . he realizes that love can shape the world , just like the shapes of"
12,cluster-4,1.0,127,"mysteriously , a young boy stared at the map in his hands . it showed a hidden treasure in the forest . the boy was curious and wanted to find it . he told his sister , mia and alex . together , they could be brave . they decided to follow the map , hoping it would lead them to something great . each friend took a trip to the woods , but soon they heard a strange noise . a big bear was barking near them . the siblings froze . the bear looked scary , but their courage shined bright . "" we are scared , but we need your help , "" mia said softly . after the bear stood up"
13,cluster-1,0.9940712550413923,109,"under the stars , a soft wind blew through a quiet village . there , an old woman sat on her porch , telling stories to the young children . one night , she spoke of a special tree that could grant wishes . the children gasped and listened , their eyes wide with wonder . the old woman shared tales of her adventures . she taught them about the town ' s wishes and how the sky can sparkle in the day light . as dawn broke , the children felt a warmth in their hearts , understanding the wisdom of the past that shaped their lives ."
14,cluster-0,0.9988393123195701,127,"bright lights shone down on the city as jean wandered through the streets . a robot named kim sold candy . they needed to save the day . "" is it done ? "" jean asked , worried . a loud noise came from the lab , and jean jumped . they found a big red door . "" could it be the robot ? "" jean thought . with a push , they entered the door . it was big and fluffy . suddenly , a big bear blocked their way ! "" help ! i was stuck ! "" jean shouted . jean saw her robot friend , kim . "" are you okay ? "" jean asked . kim smiled . "" yes"
15,cluster-1,0.9999999999044304,127,"above the ocean , a girl dreamed of sailing across the waves . her heart was full of courage , but the waves lapped at her feet . with each wave , she felt a spark of hope . one day , she spotted a large sea turtle swimming through the water . she wanted to know more about the sea ' s wisdom . as the turtle swam beside her , she felt a warmth grow inside her . the boy , full of hope , smiled at her . they shared stories of the ocean , their fears and dreams . the girl realized that adventures were beyond the depths of the sea . together , they would face anything , united by the"
16,cluster-2,0.9999999982135876,127,"eagerly , a girl walked into a world of dreams . the sky was gray , and clouds rolled in . she felt stuck in this strange place , surrounded by dreams that seemed so far away . she listened closely , hoping to learn to let the dreams take her away . as she explored , she discovered a small house at the edge of a river . inside , a strange man sat on the roof , looking at a door . his eyes sparkled like stars , and he asked her to help him . she felt drawn to him but did not know he needed help . just then , a loud noise echoed behind her , and she turned to see a"
17,cluster-2,1.0,127,"once , an artist stood before the great door of a great building . the door looked old but beautiful . "" what secrets lie inside ? "" he asked himself . he felt curious and brave at the same time . when the light came , a voice boomed from the door . "" you want to see your dreams ? "" it asked , looking up . the artist felt nervous . "" but why do i need to believe ? "" he asked . the voice chuckled . "" you must look for answers . "" the artist ' s eyes widened . "" can i really ? "" he thought . "" to know yourself , to find joy , "" the"
18,cluster-2,0.9769435168736829,127,"a bright sun shone down on a small town as children played . one day , they found a glowing feather on the ground . it glowed and seemed to sing a song of power . "" if i can beat it , i will be invisible , "" they said , looking at each other with curiosity . they followed the sound and soon found themselves in a dark cave . the path was long and hard . "" let ' s explore ! "" shouted the child , her eyes wide with excitement . they walked carefully , the map ticking away in their stomach . inside the cave , shadows danced on the walls . but in the back of the cave ,"
19,cluster-1,0.9957903123856251,119,"at the edge of a sparkling lake , a woman named maria sat on a rock . she watched her younger self dance in the air , dreaming of being a great dancer . one evening , she saw him move gracefully , and he seemed to love her . they shared dreams and wishes for the future . as the days passed , maria felt a shift in the air . one evening , she was at the lake , and the sun was shining brighter . she closed her eyes and made a wish for a beautiful sunset , but nothing came to her . the magic faded , leaving her feeling lonely and alone ."
20,cluster-1,0.9999999999999818,127,"quickly , a boy built a toy trumpet from scraps of tires . he worked all day , pouring everything back and forth . but as he sat in the stands , he felt a small sadness in his heart . "" will i still make new friends ? "" he wondered . the toy bike had a heart full of light . it could light up the day and tell him something special . he wished he could play with it , but he felt too big . as he launched the bat one day , he noticed a girl sitting alone . she looked sad . he took a deep breath and walked over . "" can i"
21,cluster-2,0.9999996315521588,127,"beneath the soft moonlight , she stepped into the garden . maria had always dreamed of finding that garden . it was a place where colors danced and the air was sweet . but tonight , she sensed a shadow behind her . a strange noise , like it came from the oldest tree at the corner . curiosity pushed her to ask , but fear followed . as she reached for the tree , the ground trembled . a bright light flashed , revealing a hidden door . with her heart racing , she pushed it open , and colors swirled around her . she stepped into a world where flowers sang and the sky danced . in this magical place , she found a"
22,cluster-1,0.9999999999342348,127,"among the clouds , a wise old woman brewed tea . she loved stories about love and dreams . she often wrote stories about fairies , fairies , and magic . one day , as the sun rose , the old woman opened a dusty book . she read about a girl named rita , who could turn anything into a fairy tale . rita felt a spark in her heart . she wanted to help her town with their stories . but as days passed , dark clouds gathered . a dark storm came , and the town was hungry . a brave man named jose had come to the tower . he had heard of rita ' s magic and wanted to join her"
23,cluster-1,0.999999618445072,127,"in the quiet town of green valley , a family of old friends sat together . the walls were covered in a thick blanket , and the sound of laughter was louder . one family , with big smiles and bright smiles , looked sad . the family sat down , sharing stories about old times . one night , a kind child had a funny idea . "" what if we made a little house in the woods ? "" they had asked . the child ' s eyes sparkled with curiosity . "" yes ! we will build a house for my family ! "" the family cheered and ran to the woods , ready for an adventure . as they walked , the child"
24,cluster-2,0.9999999999999956,127,"tender whispers filled the air in the quiet library . the shelves stretched over as she entered , her eyes fixed on the door . each step brought whispers of past choices and the sweet smell of code . each corner held memories of love . the sound of footsteps in the distance seemed to echo in the stillness . the library , once full of life , now felt like a reminder of the life it once held . outside , the rain fell softly , a beautiful blend that brought back the smell of old books . she walked for a moment , the smell of old paper and decay . a plan formed in her heart , a reminder"
25,cluster-0,0.9999999999999738,127,"suddenly , a loud beep filled the air . a small robot named whiz sat on the porch , looking at a mess . it was supposed to clean up the garden . but , looking outside . it saw the flowers wilting , and its mind was a storm . the cat wanted to help . it thought it needed to change . quickly , whiz ' s wings flew out , ready to help . suddenly , it heard a voice . it was a girl named lily . she was looking at her old box and saw her old tools . "" what are you doing ? "" she asked . bloop replied , "" i want the"
26,cluster-2,1.0,127,"in the shadows of the castle , a girl named kim felt a shiver . she had always dreamed of exploring the universe , but today , she felt a knot in her stomach . a group of guarded by the door was near the library , and they were known for sharing ideas and stories . "" stay close ! "" kim shouted , wanting to go . the leader of the group looked at her , surprised . "" why not ? "" he asked . kim nodded . "" because we are smart , and you must be cautious . "" he looked at her , realizing he was right . "" if you take the truth , it will take you"
27,cluster-3,0.9949563201305709,127,"brightly , a girl floated in the cool water . she looked down at the beautiful coral reefs . "" where am i ? "" she thought . the fish danced around her . they seemed to dance around her . "" why are you alone ? "" she wondered , longing to join them . then , a splash came from beneath her . a colorful fish jumped out and splashed her . "" join us ! "" it said with a big smile . she giggled and swam closer . "" you look cool ! "" she shouted . the fish smiled . "" i feel happy here . "" but then , she heard a big shadow . it was a big sea"
28,cluster-0,0.9999999999999798,127,"in a small town , a girl sat on a bench . she watched the kids play basketball . they made a fancy game . "" i want to be part of this ! "" she thought . she walked over and said , "" hey ! "" they stopped and looked at her . "" why are you sad ? "" asked one kid . she thought for a moment . "" i want to be strong , "" she replied softly . the kids smiled and replied , "" but we have to be brave ! "" suddenly , a kid shouted , "" i want to win ! "" the girl felt a bit sad . "" but i am"
29,cluster-2,0.9088854721148587,127,"quietly , a girl named kim sat by a window , feeling sad . she had promised to share her joy with a faraway village . she remembered a time when she had made a big plan to build a snow fort . that day had filled her heart with hope and dreams . now , her friends were busy with their science fairs . they built walls and made walls from wood . kim thought it was a perfect day to enjoy her creation . each day , she cleaned up , dreaming of her friends . but then , the wind began to blow . the snow was getting darker than her mind . kim felt her heart break , and she wanted"
30,cluster-1,0.9999999996931861,127,"on a sunny day , a girl stood in her garden . she loved to watch the flowers bloom and the sun shines bright . one day , while picking flowers , she saw a small , glowing stone near the water . it sparkled like stars . curious , she picked it up and felt a warm light surround her . as she turned the stone , she heard a soft voice . "" i am the heart of the garden , "" it said . the girl was amazed . "" you can talk ! "" she exclaimed . the stone whispered , "" i will give you magic . "" it gave her a small , glowing stone . she smiled and thanked the"
31,cluster-3,0.9880599166616738,127,"before the sun set , alex decided to bake cookies . he had been worried about the problem . the cookies were the most good in the world , but it made him lose her there last week . he knew she was right , but he missed all the fun they had . at the house , he felt scared . what if she would lose ? just then , alex remembered how he had felt in their game . he stood up and said , "" okay , i will help you ! "" he pulled out his favorite cookies , hoping for a surprise . she looked surprised and then smiled wide . they had been planning a surprise party with their treats ."
32,cluster-1,0.999999999999982,127,"a chill of spring filled the air as a woman named maria walked through the town . the air was filled with the smell of blooming flowers . she picked flowers of her own . with each bloom , she felt more at home . the beauty of the world wrapped around her , but she remembered the old stories of kindness and resilience . as she walked , maria thought about her own journey . she wanted to explore the world through the colors of the flowers . the sun was shining brightly as she stopped to look . it was a place filled with laughter and warmth . she wanted to share this beauty with someone special . but as she walked , she felt"
33,cluster-2,0.9999993552185585,127,"quietly , the shadows stretched across the old park . jean walked slowly , his feet touching the ground . he often wrote letters to his friend , sharing the same feeling . each day , he wrote letters to his friend about his dreams of seeing the world , sharing everything he found in the park . as the days grew shorter , a letter came . it was from someone , written with love and dreams . jean felt the weight of the world lift , but sadness clung to his heart . he realized that the words could not hold onto time or change . they spoke of love , hopes , and the beauty of life , like a tree"
34,cluster-2,1.0,127,"at dawn , a girl watched as clouds gathered in the sky . in her mind , she had a secret : "" a giant tree . a guardian of the clouds lived nearby . many said it could change shapes , but only if they listened . she felt brave but also afraid . what if the winds did not come ? she wanted to stay there forever . with her heart full of courage , she decided to climb the mountain . each step was a challenge , and her feet felt heavy . the wind whispered around her , but she pressed on . she was determined to be brave , just like the giant she admired . at the top , she saw"
35,cluster-2,0.8465371468008194,127,"near a small pond , an explorer sat alone on a rock . the water was deep , and its beauty hid deep shadows . "" what if my wish came true ? "" he thought , feeling a bit lost . he longed for the joy of living with his friends and the laughter of friends . "" i wish for joy to fill the land , "" he sighed , placing a pebble on the water ' s edge . each ripple of water felt like a whisper , pushing him to go deeper into doubt . "" i am scared , "" he whispered to himself . the river ' s surface was gentle , and he heard the sound of its"
36,cluster-1,0.9995472230180392,127,"bright flowers swayed gently in the breeze as a girl walked into a garden . the air smelled sweet , and butterflies danced in the warm sun . her eyes sparkled with wonder , whispering secrets of the garden . suddenly , she saw a man sitting quietly , sketching in a big box . he looked sad and lost . "" help me , "" he whispered , his voice low and calm . curious , she approached him and smiled . "" what ' s wrong , "" she said , approaching him . "" my garden is in trouble . my garden is dying . "" the man sighed , "" i didn ' t know what to do . """
37,cluster-2,0.9998892256329328,127,"eagerly , a girl looked at the sky , which was now a big , gray cloud . she lived in a small village where many children gathered . their laughter echoed , and the sun smiled down at her . they talked about what it was like to feel happy and play like no one else did . but she felt alone , as if the clouds were watching her . one day , the girl heard a soft voice . it was a young boy , sitting by a stream . he was searching for his own way to see the world . the girl felt shy but held onto her heart . she wanted to be brave , but fear held her back ."
38,cluster-2,0.9998385644427218,127,"among the tall trees , a girl walked alone . she felt alone , holding a small box . inside was a glowing star . she whispered , "" i want to know you , alex . "" the star glowed softly , and a smile emerged . "" i know of peace and truth , "" it whispered . "" but you must face them to change . "" with a flick of its light , the star began to show a path through the forest . the path glowed with warm light , and she felt warmth fill her heart . "" i can be brave , "" she said , determination shining in her eyes . the star led her to a big tree"
39,cluster-2,0.9994027770910747,127,"once , a gentle rain began to fall . on a chilly evening , a young girl sat by the river , her heart heavy . she remembered how she had felt alone at school , crying for the same kids who had laughed and danced . in her quiet voice , she whispered , "" i miss you . "" suddenly , a soft light appeared beneath the water , and from it emerged a tiny fairy . the fairy glowed like the moon and made her light shine brightly . "" thank you for playing , "" the fairy said . "" i feel your tears . "" the girl felt warmth in her heart , knowing she was not alone anymore . in that"
40,cluster-2,0.9999999999999987,127,"quietly , in a quiet village , a girl named kim wanted to explore . one day , she stumbled upon a door that led to a hidden world . this world was made of candy , and her heart was full of wonder . but the door was guarded by a grumpy old wizard . "" this is our world , "" the wizard said , "" but you must trust your heart . "" kim hesitated . she took a deep breath and walked closer . the wizard told her stories of their own , telling them about a girl who wanted to be a hero too . the girl listened and said , "" true heroism comes from knowing when to stop"
41,cluster-2,0.6345132831120673,127,"quietly , i sat in the shadows , surrounded by my mother . she was a ghost , her shape like a man with a cloak that glimmered . i had heard tales of a brave knight and his great - grandmother . but the man he trusted was no different . with every meeting , i felt his heart race . his stories were both magical and scary . i wanted to tell the truth about the knight and his life . it was a moment he did not see . the more i walked , the more i wanted to love him , something the same . she grew stronger , her laugh filling the air like music . as the sun began to set"
42,cluster-2,0.9978913183203569,127,"eagerly , a small girl named mia wandered through the enchanted woods . the trees whispered secrets as the wind blew gently . as she walked deeper , she heard a soft cry . it was a little bird trapped in a thorny bush . "" what do you want ? "" mia asked , her heart heavy . the bird wiggled its feathers and chirped , "" help ! the dark forest is hiding from the dark shadows . "" mia felt a rush of fear . "" i ' m looking for the magic of this forest , "" she said to the bird . the bird ' s eyes sparkled with hope . "" i will get your help ,"
43,cluster-1,1.0,127,"mysterious paths led through the village of whispering hills . in this place , a leader named alice loved to write poems . she often wrote tales about love , love , and loss . one day , while sitting on a rock , she shared a poem with the villagers . they were enchanted by her words , and their hearts felt light with her words . as alice wrote , the sun peeked through the clouds , making the forest tremble . suddenly , a wise owl perched on a branch . the owl hooted and pointed its wings . "" look closer , young one , "" it said . alice listened , fascinated , and realized that"
44,cluster-2,0.9757825761165463,127,"slowly , the sky turned dark , revealing a hidden world . jean , a clever boy , decided to explore this place . he dreamed of finding treasures that awaited him , and today he would test it . as he walked , he spotted colorful flowers growing from bright blooms . "" this place is beautiful ! "" he exclaimed , feeling a sense of joy . but soon , he realized the trees were not just for fun . they were sad and angry . "" i can ' t do this alone , "" he thought , pushing himself to stay calm . jean called out to the flowers , "" you have to make a plan ! we can make the flowers"
45,cluster-1,0.9999999999908504,127,"in a tiny village , a man prepared for a big day . he was known for his wild spirit , but today , he felt empty . a boy named leo had to write a book about his dreams . he wrote about a magical garden where music filled the air . "" let your imagination fly ! "" he wrote . leo dreamed of bright skies and kind people . with each word , the book felt lighter . "" come , let me make a flower garden ! "" leo shouted . he folded the paper in an envelope and put it in an envelope . it felt like magic . "" let ' s create a garden with flowers"
46,cluster-2,0.9999999999703539,127,"across the old street , she saw a man sitting on a bench . he looked cold and alone , his face cold and brogly . she watched him with cold eyes . his eyes were dark , and he felt a pull to a riddle : "" what has no eyes but can speak ? "" she sat down next to him , and he chuckled softly . "" the answer : i know a book ! "" he said . she turned to him and said , "" i know no answers . "" the man ' s heart raced . the riddle was on her head , full of riddles . "" solve the riddle , or leave , and remember ,"
47,cluster-4,0.9999999999765155,127,"over the quiet sea , an adventure began . one day , a crew of pirates found an old map . it showed a hidden treasure . "" we must find it ! "" shouted one pirate . the first pirate was excited . "" let ' s go ! "" he yelled . they were excited but nervous . the first crew had a map with strange symbols and a big red x . "" this place is like a riddle , "" said the second pirate . "" what has roots as nobody sees , is taller than trees ? "" the first pirate asked . another asked , "" is it a mountain ? "" the second said , "" i am"
48,cluster-3,0.9999999999999396,127,"in a bright garden , a boy named leo had a funny idea . he wanted to be a giant spider ! leo had a stuffed bear on top . "" you are a great spider ! "" he said . but instead of a spider , he got a rubber duck ! "" i can catch you ! "" leo yelled . he decided to make a giant spider with a bearfhy x ! he thought it would look cool , and the cat would jump over the fence ! with only two hours left , leo made a big whirlpool . "" oh no ! "" he yelled . "" this"
49,cluster-2,0.9999999999537126,127,"bright lights twinkled in the night sky . mia stood by her window , watching her brother , peter . he was tall and kind , and she felt angry . "" i will hide the truth , "" she said , but he had other plans . that night , she decided to tell a secret . she called him to the woods , her heart full of hope . but when they arrived , the trees were thick and gray . peter felt uneasy but followed her . she had not talked about it , and now they could not see her . they both sat in the dark , hearts beating as one of their strength . suddenly , they both saw a glowing"
50,cluster-1,0.9192915964196353,127,"the warm sun hung in the sky . alice loved the beach because it was a happy place . one day , while digging in the sand , she found a tiny piece of clay . it was shaped like a crown ! she decided to make a big crown from sticks and pebbles . alice spent the day creating her crown . she placed it on the beach and ran to the spot . as she wore her crown , something strange happened . the flowers bloomed brighter and more colorful . alice looked around and saw her crown again ! "" wow , this is so pretty ! "" she cheered . then , her new crown appeared ! it was shiny and"
51,cluster-2,0.9999999999805784,127,"bright lights flickered in the dark room . a boy sat alone , his fingers traced the buttons at the front . "" i miss the last time you ran fast today , "" he whispered to the screen . it was his ticket to the game , a treasure hunt , or something more . his heart ached with the weight of the past , knowing the moment he found it , he had to move fast . with the final minutes left , he took a deep breath and whispered his best words . the game was more than just about winning ; it was about the hope for the future . he realized that sometimes , a little joy is better when"
52,cluster-1,0.9999999999331717,127,"one night , a wise old owl sat on a hill . it watched the world below him . the owl saw a little rabbit running , his nose twitching with a plan . "" what if the rabbit talks to each other ? "" the owl thought , "" can i be free in this strange place ? "" the owl nodded , saying , "" they know that love is the greatest journey . "" the rabbit stopped and smiled , feeling hopeful . "" can we play a game of logic ? "" the owl replied , "" we can be the best runers ever ! "" the rabbit thought about his friends and family . "" can we play"
53,cluster-2,1.0,127,"timidly , he opened the door that led to the old house . this house was known for its haunting tales of its past . many said it was haunted , but his heart was heavy . he had heard stories of a ghost who lived there , and he wondered if the ghosts were real . he stepped inside , feeling the chill seep into his bones . the house was grand , with walls with strange symbols that glimmered in the dim light . as he walked , he noticed a painting on a wall . it showed a sad face , smiling and full of joy . "" why are you here ? "" the father asked , his voice"
54,cluster-2,0.9999999999999885,127,"with a soft whisper of the wind , a girl named mia looked up at the stars . her mind was a blank slate . she often dreamed of flying far away , like the birds in the sky . but each night , she floated in her little world , longing for something more . one night , she found a broken feather near a stream . it glowed softly in her hands . without thinking , she picked it up , but the feather slipped from her fingers . mia was sad and confused . she looked at the feather with longing , wondering if it belonged to a star . suddenly , a soft wind blew , bringing a gentle whisper . it"
55,cluster-2,0.9990289772713328,121,"eagerly , a young boy picked up a colorful umbrella by the river . he dreamed of becoming a hero and invented wonderful things . however , deep inside , he felt he was not brave enough to join them . he watched the ducks race each other , the laughter ringing in his ears . after some time , he realized that it was okay to be small and alone . the boy wished to be as good as the others . he wanted to be part of their joy , not just others . so he decided to leave the park and enjoy the view , realizing that he could be both special and wrong ."
56,cluster-2,0.999999999582835,127,"in a quiet town , a boy named jose found an old bottle in his attic . it was a note , yellowed and faded . he opened it carefully , expecting to see treasure inside . but inside , he felt a strange twist . he had heard rumors about a hidden cave where toys could be made real . intrigued , he looked around , but he was always alone . the thought of finding the cave felt like a cruel trick . as jose sat by a stream , he saw a flicker of light at the rocks . it was a tiny , glowing stone ! he picked it up and felt a rush of warmth . suddenly , the"
57,cluster-1,0.9999999804538219,127,"a warm breeze rustled through the leaves as rita stood at the riverbank . she watched her reflection with sadness . the sound of her boots felt like a sign . "" why can ' t i be like them ? "" she thought . the sun warmed her skin , and she remembered all her friends . they shared stories of their adventures . rita sat quietly , listening to the whispers . the ripples danced , as if the river was listening . suddenly , she thought about what could be at home . "" maybe i can go to the water every day , "" she said . a smile broke across her face . the river carried her words , and"
58,cluster-2,0.9887729582131813,127,"one sunny day , a small girl named mia woke up to see a rainbow bridge . she looked around and saw bright colors everywhere . she felt excited to see what was on this path . as she crossed , she found a treasure map hidden in a drawer on a strange map . the map showed the way to a place where shadows played with friends . excited , mia decided to go on a treasure hunt . but she also looked at her friend who was always there . they all searched together , laughing and searching . at last , they found a small box . inside were beautiful stones and a note that said , "" share this with our friends"
59,cluster-1,0.9992545813236805,127,"among the high hills , a girl named rita sat under a big tree . the wind whispered stories of love . "" i wish i could be as strong as the clouds , "" she sighed . just then , a fox appeared , its scales shining like stars . "" you look afraid , young one . what troubles you ? "" the fox asked . "" i want to be brave , but i am afraid of falling . "" rita , with determination , said , "" my true strength is not just in big moments but in your heart . "" the fox smiled . "" then let me be yourself , and i will show you the way . "" with"
60,cluster-2,0.9882305692174373,127,"a mountain of clouds floated high in the sky . below , a brave girl named rita lived in a small hut . she looked up at the dark clouds and thought of her friend , a boy named samuel . they would walk to the mountain together , laughing and sharing stories . but now , that boy was gone . rita was sad , and she needed to find a way to fix the mountain . rita took a deep breath and began her descended the mountain . after a long struggle , she found a glowing tree in the center . under its branches , she saw a small path leading up . with her heart racing , she decided to"
61,cluster-1,0.9999993701204206,109,"timidly , a small girl with big dreams walked through a quiet garden . she saw tall trees and heard birds singing sweet songs . each day , she picked sweet flowers and made her friends who laughed with her . one day , she wished she could join them . as she sat on a leaf , the flowers in her hand danced in joy . the garden seemed to dance with the sun and the waves . soon , her friends and family saw her , and they began to smile . in this magical place , they played and danced until the sun went down ."
62,cluster-2,0.9999999999356644,97,"quietly , a boy named samuel gazed at the mountains . he lived near a cave , hidden by vines . the tales told of a city called sky ' s dream , and he wanted to see it for himself . with a small bag and a map , samuel set off on his journey . after hours of climbing , samuel reached the cave . inside , he discovered a city made of clouds and rainbow water . suddenly , the city of skyhaven appeared , filling his heart with wonder ."
63,cluster-2,0.9999999925296014,127,"a colorful map appeared in a book . it showed a path through the woods to a hidden valley . curious , the explorer followed the map . they asked the trees for guidance and the songs of the wind . each step was hard , and the explorer felt fear creep in , but he held on tight . at last , they reached the valley . it was more beautiful than they had imagined . the map showed a crystal lake with clear water . the explorer gazed into the lake and saw visions of the village below . he saw the people who had once visited their village . feeling inspired , he decided to leave the map in the book and"
64,cluster-4,0.9999999999768547,127,"under the sea , a girl walked along the beach . she picked up shells , hoping to find something fun . she heard a funny splash nearby . curious , she followed it and discovered a small boat . it was made of sand and shells . the girl was sure they would sail far away . as she climbed in , a huge wave splashed against the side . the girl held on tightly , trying to keep the boat steady . to her surprise , the boat began to dive . the girl and the fishermen splashed in the water . they laughed , and they watched the boat dance . the girl felt happy to have made a new friend ."
65,cluster-1,0.9845444727302844,127,"near a gentle river , a boy named samuel was staring at his reflection . he loved this place , but he was always curious . the birds were whispering in his ear , but he felt trapped by their words . in his dreams , he found himself flying over the trees , exploring worlds with his eyes . he felt as if he was part of something big and beautiful , but in the dream , he was just a boy with his dreams . one night , as he drifted , he saw a shimmering path . it led to a beautiful garden , filled with colorful flowers . in the center of the garden stood a beautiful girl with shimmering eyes . she"
66,cluster-1,0.9999999999990972,127,"gently , a girl named kim sat in her small garden . it was her special place , filled with flowers that danced and whispered secrets . one day , she found an old book with a picture of a hidden world . curious , she opened it and found it filled with strange words . suddenly , the garden transformed around her ! bright colors filled the room , and strange creatures approached her . she laughed , feeling like she was in the dream . they explained they had been waiting for her to join their fun . with their help , kim felt like she was flying through time . together , they soared over colorful gardens and dancing rivers . the creatures taught"
67,cluster-2,0.9999999999999216,127,"beneath the bright stars , a boy sat alone in his room . he stared at a map of a virtual galaxy . this world was bright , filled with bright colors and strange creatures . he loved to dream of space . one day , he saw a bright light far away . this light made him wonder if the book was really there . he followed the star and found a path leading into the dark woods . as he walked , he saw a small , shining figure . it was a girl with bright eyes . she waved and smiled at him . they began to talk . she told him about her lost dream in a book . he felt a strong"
68,cluster-1,0.9999847907515136,127,"in a small village , an old tree stood in the middle of the festival . every year , people gathered under it to celebrate the harvest . they danced , sang songs , and shared food . a girl wanted to find her lost family ' s favorite meals . she said there would be food in return . with hope in her heart , she gathered her courage and set out . the sun shone bright as she walked through the village . she listened closely , thinking of what she might buy . finally , she found her family sitting on a bench , their faces light up . they smiled and hugged her , and she knew she had saved them ."
69,cluster-1,0.8788489739668223,127,"happily , leo was always his best friend , rita . one sunny afternoon , while cleaning her room , leo had a big idea . he wanted to create a special art project about space . with a plan , he drew a big picture of the sky and placed it on a big wall . "" this will be a surprise ! "" he thought . rita got excited and followed him . as they worked , they were talking about their dream . leo wanted to show how amazing it would be to celebrate . rita smiled and said , "" you will learn first ! "" leo loved the idea of creating something amazing together . the next day , leo took the"
70,cluster-1,0.9888678413047811,127,"in a sunny garden , a wise tree watched the stars . it watched from its branches . the tree looked sad , its leaves falling gently to the ground . the tree wanted to grow strong and bright . it felt the tree ' s sadness and wanted to cheer it up . every day , it tried to reach higher . but every time it tried , its branches stretched wide . one day , a young boy came to the tree . he watched it with a big smile . "" what are you doing ? "" he asked . the tree said , "" i am here to help you grow stronger ! "" the boy thought about this . "" i am"
71,cluster-4,0.9999999999996221,127,"over the hill , the sun was bright with colors . mia loved to explore the woods near her home . one day , she found a shiny stone on the ground . "" what does this mean ? "" she asked herself . then , she spotted a tiny door hidden behind some bushes . "" what is behind that door ? "" she wondered . mia approached the door . it was old and creaky . she opened the door slowly and saw a strange land full of colorful flowers and friendly animals . "" wow ! "" she gasped . she picked one and saw animals wearing tiny hats . "" this is amazing ! "" she thought . little did she know"
72,cluster-2,0.9913537465056862,127,"a chilly evening hung in the air , thick with tension . a man stood alone , heart pounding . he was the ghost of a woman named lily . she was said to be the best in his life . many said she was the best dancer , but he wanted to make her happy . tonight , he needed someone special to show him their art . with a deep breath , he looked out at the horizon . the wind howled , and rain poured down . alex stood there , looking at the chaos around him . suddenly , the ground shook , and a bright light exploded from the earth . in that moment , he felt a presence"
73,cluster-2,0.999997123188693,127,"across the dark street , a woman walked slowly . she felt lonely , as if no one saw her . "" who are you ? "" she whispered to the night . she looked around and noticed a man with a broken dress . he smiled softly and said , "" do you need help ? "" she shook her head and replied , "" i can ' t know how . "" the man ' s eyes softened . "" what if we bring back your light ? "" he suggested . he took a deep breath and said , "" let ' s bring back the light . "" they shared laughter and stories . the woman felt a warm glow in her"
74,cluster-3,1.0,127,"happily , a girl named alice had a secret that made her who was a giant ! she loved to tell jokes . every day after school , she would sit at lunch , and everyone else would listen . one day , her friend jose came over and said , "" what if the giant looked scary ? "" alice laughed , "" if it ' s just a little ? "" when she heard the laugh again , she didn ' t mind . "" oh , dear jose , i can ' t ! "" she yelled , looking at the giant . jose frowned , "" what ? i need to tell you something fun ! "" alice wanted to cheer him up"
75,cluster-0,0.9995648295371273,127,"under the bright sun , a boy named emmanuel played a game . he loved to run . but today was different . he spotted a new kid named samuel playing . he ran toward him , and samuel ran to samuel . "" join me ! "" samuel shouted . samuel grinned . "" just play with me ! "" he reached out , and samuel walked over . "" hey ! i ' m the best ! "" he called out . samuel looked up , surprised . "" you played , yes ! you always are ! "" samuel smiled , "" really ? i ' d help you with chores ! "" samuel chuckled . "" you should be there ,"
76,cluster-1,0.9485511557029844,127,"the tower rose high above the city . the queen looked out the window , feeling the wind in her hair . the sky above sparkled with the colors of the rainbow . she remembered her father ' s stories about love , dreams , and promises . "" remember , "" his voice echoed in her mind , filling her with hope . she closed her eyes , and in a blink , she was back in her dream , standing in front of her new life . the castle felt warm , alive in her heart . it was a place of wonder , where love could be found again . she smiled , knowing that even in space , it could always be shared"
77,cluster-1,0.9999999999999984,117,"before the sun rose , a girl found a magical paintbrush in her attic . it shimmered like the stars and said , "" use this magic ! "" when she used it , the colors faded , and the air felt like magic . she walked outside and saw a land of dreams where everything sparkled . when she arrived , she saw animals dancing in the sky . they were free to laugh and play , but she felt lost . she wanted to bring joy to others . in her heart , she knew she was not alone . she learned that happiness is a journey , not a destination ."
78,cluster-4,0.9984655539822969,127,"under the bright sun , a girl named lily walked in her garden . she had a big garden to grow wild fruits . each tree was more amazing than the last . she picked some to share with her friends . they laughed and played , and lily felt happy in her little garden . in the garden , the flowers were green , and the colors were bright . as she moved among the flowers , she noticed a shiny thing . it was a small bell . curious , she picked it up . "" is it a bell ? "" she thought . the bell sparkled in the light . lily rang the bell , and to her surprise , a funny little"
79,cluster-1,0.9999999999853868,127,"at the edge of a small town , there was a boy named leo who loved to paint . he often daydreaming in his mind , dreaming of the places his sister would meet him . they would pretend to explore the old town on the porch , where the sky was clear and blue . one sunny afternoon , leo decided to write a letter to his sister , lily . "" dear lily , my blue , let ' s make a robot that helps my sister find joy and bring joy . let ' s make it magical ! they both sat in their backyard and began to write . the words flowed like water , making them believe in happiness"
80,cluster-1,0.9999946972961207,127,"among the clouds , a giant named alice gazed at the stars . each night , she wrote stories about brave heroes and hidden treasures . her words soared like a comet , filling her mind with excitement . "" what if i could touch them ? "" she thought . with each word , she felt stronger and more excited . the night came to a sleepy cottage . alice climbed inside , her heart full of joy . suddenly , a wise old woman appeared . "" why do you take the ship , dear child ? "" she asked . "" to be free , "" alice said . the woman smiled gently . "" to remember , you must first share"
81,cluster-2,0.8764420070672299,127,"beneath the pale moonlight , a boy named alex sat in the garden . the air was cool and thick with memories . the trees whispered secrets , and the leaves whispered secrets in the night . he felt a strange pull to explore , as if he was meant to be here . he closed his eyes , and when he opened them , he found himself on a cloud . it was soft and fluffy , like a dream . in the distance , he saw a big , fluffy creature with shimmering fur . it looked like a cat with bright red eyes . alex felt a rush of joy . "" are you okay ? "" he asked , his voice shaky ."
82,cluster-2,1.0,127,"through the tall trees , she wandered . each step felt heavy , like a weight on her heart . she had lost her job and was a girl , but the mission took her further from herself . the world outside was a blur , and her dreams were shattered . she remembered the first time she met him , the way he helped her feel better . they promised to explore together , running and laughing . one day , they would meet under the big , big tree in the park . she felt a surge of hope . maybe the hurt had brought her back to that same park . she wrote down the words about her fears and dreams . as she"
83,cluster-2,1.0,127,"quietly , a boy sat on the cold ground . he felt empty . his best friend moved away , and the sun shone bright on the empty playground . now , the swings creaked under his weight . he missed their last days of playing together . he wanted to feel close to her . the memory of their laughter filled his mind , filling the air with hope . but he felt alone , even in a crowd , where his friend could not join him . days turned into weeks , and the boy visited the park each day . each time , he felt the weight of his absence . he thought of their dreams and promises of bright days . a plan"
84,cluster-2,0.6040540148341124,127,"eagerly , a girl named alice climbed the highest hill in her village . she wanted to see the world beyond her home . "" i will have the biggest day ever ! "" she declared . the villagers laughed at her . "" you are too small ! "" they said . but alice was determined to prove them wrong . she gathered her friends , kim and jose . "" i can help ! "" she said with a smile . they walked through the village , looking for signs of treasure . "" look over there ! "" kim pointed to a small cave . "" it ' s big ! let ' s go inside ! "" as they entered , the"
85,cluster-1,0.9506903045981864,127,"quietly , the sea shimmered under the sun . an old woman named maria sat alone on the shore , remembering the beach . each wave that washed away were like a wave , washing away the emptiness of the island . maria often felt lonely , as if the world had lost its memories . one day , she decided to go back to the beach and look for shells . the waves crashed against the sand , but the sun was bright , even the sky above . maria felt a flicker of hope as she walked along the shore . suddenly , she heard a soft voice . "" hello ! "" said a tiny sea creature with flowing hair . it looked"
86,cluster-1,0.9999990239576991,127,"beneath the old oak tree , a wise old turtle sat with a group of playful squirrels . they were part of the tradition , and they could hear the tales of old . one day , a young squirrel saw them . he asked , "" do you see these old days ? "" the turtles nodded slowly . they began to sing , "" i see one who can dance ! i once climbed the highest tree in town . it was the most thrilling adventure ever . "" the squirrels listened with big eyes . they wanted to learn from their own roots . they were amazed ! "" what are you doing ? "" they asked . the"
87,cluster-2,0.9999944862751567,127,"beneath the stars , a girl with a bright red hat sat on the ground . her brother , a boy , had gone to explore the old woods . the tales told of a hidden world beneath the trees , where a magic crystal would make wishes come true . with a heart full of hope , she decided to go find it . as she walked into the woods , she imagined the boy ' s smile as he found the crystal . suddenly , a soft light came from the trees . it glowed and danced , and suddenly , she saw the boy she thought he was a friend . they ran together , laughing and running through the forest , their hearts"
88,cluster-2,0.9999999999684972,127,"under the bright stars , a boy gazed at the sky . he dreamed of adventure . he wanted to find the lost city of brightstandh . many tales spoke of it , but he did not give up . he believed that finding it would change his life . one evening , he heard laughter from the market . curious , he followed the sound to a big cave . inside , he found a group of people , who wore shiny clothes and had big smiles . "" welcome ! we guard the secrets of the city ! "" one said . they welcomed him into their circle , and he felt proud . they showed him their games , dancing and"
89,cluster-2,0.9842839424371868,127,"beneath the bright moon , leo walked home from school . he loved to explore the park . every week , he walked under the old oak tree . he thought about how this day would look bright and good . but today , something felt off . his friend , kim , moved home to see the magic place . "" look ! "" kim said . "" i think i saw a strange creature ! "" leo smiled . "" let ' s go see ! "" he grabbed his coat and went to the park . they walked to the park , the sky darkening . as they got closer , leo felt excited . "" look at that ! "" kim said"
90,cluster-2,0.9999999999999976,120,"once in a small village , a boy wandered into an old library . dust covered the walls , and the air was thick with mystery . he loved to find clues about adventures . today , he hoped something exciting awaited him . he followed a narrow path to the highest tree . the tree was ancient , with thick branches reaching high into the sky . as he approached , he felt a chill . what he found was not a lost city but a mirror reflecting his own face . he realized that the real treasure was the journey itself . he learned that adventures could still happen , even in a world of dreams ."
91,cluster-4,0.999999999999964,127,"unexpectedly , a girl named kim discovered an old book in the library about a lost world . "" what stories does this do ? "" she asked her dad . "" let ' s find out ! "" he replied with a grin . they were both curious , imagining the adventure waiting for them . they went to the edge of a big city , where buildings were tall and gardens bloomed . "" what if the lost people there , "" kim said , her heart racing . as they searched , they came across a group of kids playing games . "" can we join ? "" they asked eagerly . "" yes ! "" they shouted . together , they created a"
92,cluster-2,1.0,127,"abruptly , the sound echoed across the park , echoing over the park . a strange feeling washed over him . the sky was a bright purple , but he felt empty . "" what is happening ? "" he wondered , staring out at the park . it was supposed to be his friend . but something felt off . a feeling of unease crept over him . he took a moment to write a letter , pouring out his feelings . "" if i was close , "" he thought , "" i should have been here . "" the words pulled him deeper into the memories . he imagined laughter and love , but it felt like a lost"
93,cluster-2,0.9999999999999989,127,"quietly , leo sat alone in his room , writing to his sister . she had been playing in the city , and the day was magical . the lights glowed , and the air felt electric . but now , with a heavy heart , he wished to share the magic he held dear . with a small notebook , he wrote about stars and planets . each word was a sign , a chance to show his sister that he could be brave and explore space . but as he sat there , he wondered if he would ever see her again . the clock ticked softly , reminding him of his sister ' s words . as he read , leo realized"
94,cluster-4,0.7035593285702217,127,"beneath a soft blue sea , a gentle heart was dreaming of adventure . a curious boy named alex lived with his family . one day , while exploring a coral reef , he discovered a glowing shell . he picked it up and felt a strange warmth . the shell whispered secrets of the ocean ' s depths . curious , he took the shell to his dad , sharing the message of the shell . his dad opened it with curiosity , asking questions about its beauty . the shell reads this riddle : "" i can be cracked , made , told , and played . what am i ? "" alex thought hard and thought about it . he wished for a"
95,cluster-3,0.9999933769932012,127,"upon a hill in a magical forest , there lived a girl named lily . she loved to explore the woods behind her home . one day , while playing , she found a shiny stone . curious , she picked it up . as she held it , a bright light filled the air . suddenly , a tiny fairy appeared . the fairy sparkled like the stars ! "" hello , young one ! you are brave to come , "" the fairy said . "" what do you want ? "" lily sighed , feeling shy . "" i want to explore the forest , "" she said . "" i will find out if you tell me what to do . "" the"
96,cluster-1,0.9982239035892232,127,"beneath the stars , a brave warrior found a secret cave . inside , she saw a giant beast that was sad . it had lost its way home and looked very sad . the knight thought , "" i can help ! "" she picked up a piece of food and began to cook a meal . slowly , the monster got out and filled it with water ! the warrior laughed and offered the food , thanking the beast . the beast then became a bright morning of thanks . "" i am free ! thank you ! "" it said . in return , it invited them to eat together a feast . the warrior learned that helping others makes the heart shine"
97,cluster-2,0.9999999999999583,127,"at dawn , a pirate stood alone on the dock . his captain was a pirate , but he knew he must act fast . he had a heart full of greed . he had trusted many , and he loved all the good things . today , he would take what was theirs and bring them to life . suddenly , a loud noise caught his eye . the sound came from the ship . he jumped in front of his crew . "" i can ' t do this , "" he thought . but the captain looked up , confused . "" this ship is safe , "" he muttered . "" they are not ours . "" as"
98,cluster-2,0.9999999800600614,127,"under the vast sky , a boy stood in the grass . his heart raced . he had a friend named leo , whose name was emmanuel . they often shared everything , but leo dreamed of a place where he was real . he believed his dreams were coming true . one day , he decided to explore the mountains . with courage , he began to walk . as he climbed higher , he found strange sounds - shadows playing tricks . "" what ' s that ? "" he wondered . he was not alone . a friendly fox approached him , eyes bright and curious . "" come play with us ! "" the fox said . the boy was excited ."
99,cluster-3,0.9999999999998606,127,"a big rock lay covered in snow . a curious kitten watched it with big eyes . "" what if there is a secret ? "" one kitten thought . "" what if there are secrets ? "" but the kitten was brave . "" should i tell someone ? "" as the kitten approached , a cat jumped down . the child frowned . "" what do you mean ? "" they asked . the cat scratched its head . "" we are just sitting there , thinking . "" the child frowned . "" it ' s not just the rock that shines ! it ' s a riddle ! "" the cat shook its head . "" i speak without a mouth and hear"
